#{"t_start": 1791074876.41647, "env_id": "None"}
r,l,t
98.918586,1000,1.187897
155.126733,1000,1.449556
109.580198,1000,5.134703
183.449009,1000,8.834314
371.553312,1000,12.543143
482.575266,1000,16.258454
343.348128,1000,20.005949
603.477677,1000,23.738667
565.704487,1000,27.638367
725.86547,1000,31.410289
834.024958,1000,37.057892
952.904139,1000,40.815385
978.163785,1000,44.572468
978.218821,1000,48.331575
974.973693,1000,52.093706
976.714198,1000,55.851246
985.740348,1000,59.636927
985.199006,1000,63.400311
986.997377,1000,67.165789
986.700281,1000,70.931931
987.294353,1000,76.558617
987.798805,1000,80.338764
989.658621,1000,84.106875
989.72104,1000,88.05868
989.764236,1000,91.88029
990.263421,1000,95.669978
990.779308,1000,99.456659
991.450118,1000,103.230147
991.859355,1000,107.003043
991.22967,1000,110.780084
991.866638,1000,116.422493
991.925201,1000,120.228698
992.658324,1000,124.008305
992.491033,1000,127.792674
992.549519,1000,131.572819
992.990653,1000,135.349079
992.626718,1000,139.157477
992.787465,1000,142.947665
992.683691,1000,146.847251
993.573363,1000,150.708957
992.595692,1000,156.408703
993.127039,1000,160.201129
992.902207,1000,163.984803
992.482868,1000,167.769883
991.567147,1000,171.556496
992.103194,1000,175.335904
992.096425,1000,179.140526
992.869158,1000,182.923818
993.009107,1000,186.717667
992.522883,1000,190.536312
